{"loss": 0.25284987688064575, "accuracy": 0.9071000218391418}