{"loss": 0.2648412585258484, "accuracy": 0.9038000106811523}