{"loss": 0.3074054718017578, "accuracy": 0.8928999900817871}