{"loss": 0.4720606505870819, "accuracy": 0.8271999955177307}