{"loss": 0.25507065653800964, "accuracy": 0.9085999727249146}