{"loss": 0.25025540590286255, "accuracy": 0.909500002861023}