{"loss": 0.4460402727127075, "accuracy": 0.8482999801635742}