{"loss": 0.31356996297836304, "accuracy": 0.8978000283241272}