epoch,loss,accuracy
1,0.7352520823478699,0.725933313369751
2,0.622963011264801,0.7687000036239624
3,0.5909284353256226,0.7816500067710876
4,0.5788561105728149,0.7851999998092651
5,0.5625302195549011,0.7891499996185303
6,0.5588335990905762,0.7906333208084106
7,0.5478941202163696,0.7954166531562805
8,0.5508038997650146,0.7941499948501587
9,0.5431529879570007,0.7979333400726318
10,0.542288601398468,0.7980333566665649
