epoch,loss,accuracy
1,0.6591487526893616,0.7700499892234802
2,0.4460238814353943,0.8448666930198669
3,0.389703631401062,0.8629500269889832
4,0.3574359714984894,0.8753499984741211
5,0.33560264110565186,0.8831999897956848
6,0.3158292770385742,0.8871833086013794
7,0.29856351017951965,0.8934500217437744
8,0.2850731313228607,0.8978999853134155
9,0.2736353874206543,0.9022166728973389
10,0.263988196849823,0.904116690158844
