epoch,loss,accuracy
1,0.6082766652107239,0.7904000282287598
2,0.3905431032180786,0.8623666763305664
3,0.3432215750217438,0.8791833519935608
4,0.3129531145095825,0.8891333341598511
5,0.2956281304359436,0.8952500224113464
6,0.280123770236969,0.9000999927520752
7,0.2659766972064972,0.9046499729156494
8,0.25440967082977295,0.9085166454315186
9,0.2466421127319336,0.9108333587646484
10,0.23614436388015747,0.9141499996185303
