epoch,loss,accuracy
1,0.4911453127861023,0.8255833387374878
2,0.36314085125923157,0.8687999844551086
3,0.32755810022354126,0.8798166513442993
4,0.3068058490753174,0.885699987411499
5,0.28653663396835327,0.8911499977111816
6,0.2808917760848999,0.8940666913986206
7,0.26646921038627625,0.8984500169754028
8,0.25823473930358887,0.9016666412353516
9,0.25202223658561707,0.9044666886329651
10,0.24248561263084412,0.9059666395187378
