epoch,loss
1,0.7054054141044617
2,0.5859662294387817
3,0.5612797141075134
4,0.5451342463493347
5,0.5383179187774658
6,0.5295606255531311
7,0.5197144746780396
8,0.5194774866104126
9,0.5112065672874451
10,0.5105737447738647
