epoch,accuracy
1,0.7408166527748108
2,0.7851666808128357
3,0.7927500009536743
4,0.7957666516304016
5,0.8003000020980835
6,0.8048166632652283
7,0.807200014591217
8,0.8087833523750305
9,0.8098999857902527
10,0.8110833168029785
