epoch,accuracy
1,0.7806166410446167
2,0.8586666584014893
3,0.875333309173584
4,0.8847833275794983
5,0.8917666673660278
6,0.8972499966621399
7,0.9006500244140625
8,0.9049000144004822
9,0.9077333211898804
10,0.9086166620254517
