epoch,loss
1,0.6473962664604187
2,0.41015759110450745
3,0.3541417419910431
4,0.3279157876968384
5,0.30700719356536865
6,0.28984150290489197
7,0.27883246541023254
8,0.2650901973247528
9,0.25718316435813904
10,0.25068023800849915
